login,password_hash
admin,c3200afa3f66735542f0de1bae1bdb55b064a78c0c31e355507b98c3bbf991310def297b6d886ab91d5417f41f8a0cac2cb5caca82b0413465381dd25ae6c9f0
alice,95fe74be61a0b8b659e8ec5b3731987347ba990ea154b39184b6766dde0f719753d3c484c5c5f62c7e336bb8aff1281e8068bc241ea4015bdceb8adcde18078c
charlie,3f71d6191722965fcde776c48abde4a67af8b6958b5d44f713ac6c21ad14187dd263c467a0270817177153aa8f90aa19b4ea57a8acb2bc4075b4d096f96f8b63
david,660166385c637dff6542f96746a82f7b5728f78e0b78099ee97e5386b8cbf8c6e4ae30c6dc95aa74e859ea82d9adfe97c4fead40ec07d949fe6c0eabdd93e164
eve,55c8591245fead9eaea49b94fe3a029db7b2a2565dd51f114d4fffad9f63f6937fd24d05370438165001c4b276a2373af3616c960e31c30276f66168868424a6
frank,ad22829e348e44c8ecacdc522222960c57f34f594a60e70a2abffa9ab416d4437a916ec549f8fb952e5e18e90175b11f2facd69e99c9e64dff4b3e3a063dd287
grace,b32b04e33bc38fb963f4952364c81597579297f8497d1217279c338cf48cf76a635387096d292bb1302a1fa5cceb50e4c3bc0e873fede766acdc00b2e2b0aeee
heidi,3b2b4eb14bb27727ff4a2529eefed3b2c236b65e28f87881d9206975ab8bac605f162feab3126142ba6218cb04b9d78d7cee47d13b7693f99b2927f9a244e1fc
ivan,00c3ac693b898c37d639124abf3fc8a9f368a167531e8d9d9029e6e65e70bf7e590b9bab56b8ffb92e1c6720d0cb3ef7006ddf8c72cae5fc560175a26c7ba638
